"Name","Address","Phone","Rating","Website","Message","Status","Category"
"Sams Pressure Washing LLC","11459 109th Ave NE, Kirkland, WA","(425) 442-1444","4.2","facebook.com/SamsPressureWashingLLC","Hi, I'm Sunil -- I live in Sammamish and I'm working on an initiative to help local service businesses look great online and never miss a customer. I came across Sams Pressure Washing LLC and your reviews are great. A lot of pressure washing companies rely on word of mouth, but a professional online presence with an AI chat assistant can turn Google searches into booked jobs 24/7 -- and it speaks Spanish, Chinese, and 20+ other languages so you never lose a lead. Here are some examples of what I do: https://welcomematdigital.com/demos/ -- $59/mo + a small one-time setup fee, no contracts, and I handle everything. Would you be open to a quick look? Thanks!","","Pressure Washing"
"Anderson Pressure Washing","13611 104th Pl NE, Kirkland, WA","(360) 355-7191","5.0","andersonpressurewash.jobbersites.com","Hi, I'm Sunil -- I live in Sammamish and I'm working on an initiative to help local service businesses look great online and never miss a customer. I came across Anderson Pressure Washing and your reviews are great. A lot of pressure washing companies rely on word of mouth, but a professional online presence with an AI chat assistant can turn Google searches into booked jobs 24/7 -- and it speaks Spanish, Chinese, and 20+ other languages so you never lose a lead. Here are some examples of what I do: https://welcomematdigital.com/demos/ -- $59/mo + a small one-time setup fee, no contracts, and I handle everything. Would you be open to a quick look? Thanks!","","Pressure Washing"
"Aqua Surfaces","13631 NE 126th Pl #440, Kirkland, WA","(425) 545-5695","5.0","aquasurfaces.pro","Hi, I'm Sunil -- I live in Sammamish and I'm working on an initiative to help local service businesses look great online and never miss a customer. I came across Aqua Surfaces and your reviews are great. A lot of pressure washing companies rely on word of mouth, but a professional online presence with an AI chat assistant can turn Google searches into booked jobs 24/7 -- and it speaks Spanish, Chinese, and 20+ other languages so you never lose a lead. Here are some examples of what I do: https://welcomematdigital.com/demos/ -- $59/mo + a small one-time setup fee, no contracts, and I handle everything. Would you be open to a quick look? Thanks!","","Pressure Washing"
"Fresh Exteriors","12721 NE Bel Red Rd Ste 240-1, Bellevue, WA","(425) 800-4891","5.0","freshexteriors.com","Hi, I'm Sunil -- I live in Sammamish and I'm working on an initiative to help local service businesses look great online and never miss a customer. I came across Fresh Exteriors and your reviews are great. A lot of pressure washing companies rely on word of mouth, but a professional online presence with an AI chat assistant can turn Google searches into booked jobs 24/7 -- and it speaks Spanish, Chinese, and 20+ other languages so you never lose a lead. Here are some examples of what I do: https://welcomematdigital.com/demos/ -- $59/mo + a small one-time setup fee, no contracts, and I handle everything. Would you be open to a quick look? Thanks!","","Pressure Washing"
"Squeegee Pros","3230 16th Ave W Unit 631, Seattle, WA","(206) 407-4141","5.0","seattlesqueegeepros.com","Hi, I'm Sunil -- I live in Sammamish and I'm working on an initiative to help local service businesses look great online and never miss a customer. I came across Squeegee Pros and your reviews are great. A lot of pressure washing companies rely on word of mouth, but a professional online presence with an AI chat assistant can turn Google searches into booked jobs 24/7 -- and it speaks Spanish, Chinese, and 20+ other languages so you never lose a lead. Here are some examples of what I do: https://welcomematdigital.com/demos/ -- $59/mo + a small one-time setup fee, no contracts, and I handle everything. Would you be open to a quick look? Thanks!","","Pressure Washing"
"Seattle Surface Cleaners","3211 Martin Luther King Jr Way S, Seattle, WA","(206) 503-3712","5.0","seattlesurfacecleaners.com","Hi, I'm Sunil -- I live in Sammamish and I'm working on an initiative to help local service businesses look great online and never miss a customer. I came across Seattle Surface Cleaners and your reviews are great. A lot of pressure washing companies rely on word of mouth, but a professional online presence with an AI chat assistant can turn Google searches into booked jobs 24/7 -- and it speaks Spanish, Chinese, and 20+ other languages so you never lose a lead. Here are some examples of what I do: https://welcomematdigital.com/demos/ -- $59/mo + a small one-time setup fee, no contracts, and I handle everything. Would you be open to a quick look? Thanks!","","Pressure Washing"
"Rojo Moss Removal and Power Washing","4427 50th Ave S, Seattle, WA","(206) 228-7591","4.9","rojomossremoval.com","Hi, I'm Sunil -- I live in Sammamish and I'm working on an initiative to help local service businesses look great online and never miss a customer. I came across Rojo Moss Removal and Power Washing and your reviews are great. A lot of pressure washing companies rely on word of mouth, but a professional online presence with an AI chat assistant can turn Google searches into booked jobs 24/7 -- and it speaks Spanish, Chinese, and 20+ other languages so you never lose a lead. Here are some examples of what I do: https://welcomematdigital.com/demos/ -- $59/mo + a small one-time setup fee, no contracts, and I handle everything. Would you be open to a quick look? Thanks!","","Pressure Washing"
"Emerald City Power Washing","15914 3rd Pl S, Seattle, WA","(206) 401-0163","","emeraldcitypowerwashing.com","Hi, I'm Sunil -- I live in Sammamish and I'm working on an initiative to help local service businesses look great online and never miss a customer. I came across Emerald City Power Washing and your reviews are great. A lot of pressure washing companies rely on word of mouth, but a professional online presence with an AI chat assistant can turn Google searches into booked jobs 24/7 -- and it speaks Spanish, Chinese, and 20+ other languages so you never lose a lead. Here are some examples of what I do: https://welcomematdigital.com/demos/ -- $59/mo + a small one-time setup fee, no contracts, and I handle everything. Would you be open to a quick look? Thanks!","","Pressure Washing"
"Priority Washing Services","2162 NE Nelson Ln, Issaquah, WA","(425) 471-1080","","prioritywashingservices.com","Hi, I'm Sunil -- I live in Sammamish and I'm working on an initiative to help local service businesses look great online and never miss a customer. I came across Priority Washing Services and your reviews are great. A lot of pressure washing companies rely on word of mouth, but a professional online presence with an AI chat assistant can turn Google searches into booked jobs 24/7 -- and it speaks Spanish, Chinese, and 20+ other languages so you never lose a lead. Here are some examples of what I do: https://welcomematdigital.com/demos/ -- $59/mo + a small one-time setup fee, no contracts, and I handle everything. Would you be open to a quick look? Thanks!","","Pressure Washing"
"Reflection Of Perfection","2815 268th Pl SE, Sammamish, WA","(425) 279-7588","","reflectionofperfection.net","Hi, I'm Sunil -- I live in Sammamish and I'm working on an initiative to help local service businesses look great online and never miss a customer. I came across Reflection Of Perfection and your reviews are great. A lot of pressure washing companies rely on word of mouth, but a professional online presence with an AI chat assistant can turn Google searches into booked jobs 24/7 -- and it speaks Spanish, Chinese, and 20+ other languages so you never lose a lead. Here are some examples of what I do: https://welcomematdigital.com/demos/ -- $59/mo + a small one-time setup fee, no contracts, and I handle everything. Would you be open to a quick look? Thanks!","","Pressure Washing"
"Staeppen Clean","Snoqualmie, WA","(425) 654-1420","5.0","staeppenclean.com","Hi, I'm Sunil -- I live in Sammamish and I'm working on an initiative to help local service businesses look great online and never miss a customer. I came across Staeppen Clean and your reviews are great. A lot of pressure washing companies rely on word of mouth, but a professional online presence with an AI chat assistant can turn Google searches into booked jobs 24/7 -- and it speaks Spanish, Chinese, and 20+ other languages so you never lose a lead. Here are some examples of what I do: https://welcomematdigital.com/demos/ -- $59/mo + a small one-time setup fee, no contracts, and I handle everything. Would you be open to a quick look? Thanks!","","Pressure Washing"
"360 Home Services","Issaquah, WA","(425) 902-3456","5.0","360homeservice.co","Hi, I'm Sunil -- I live in Sammamish and I'm working on an initiative to help local service businesses look great online and never miss a customer. I came across 360 Home Services and your reviews are great. A lot of pressure washing companies rely on word of mouth, but a professional online presence with an AI chat assistant can turn Google searches into booked jobs 24/7 -- and it speaks Spanish, Chinese, and 20+ other languages so you never lose a lead. Here are some examples of what I do: https://welcomematdigital.com/demos/ -- $59/mo + a small one-time setup fee, no contracts, and I handle everything. Would you be open to a quick look? Thanks!","","Pressure Washing"
"Champion Power Washing","Issaquah, WA","(425) 365-2608","5.0","championpw.com","Hi, I'm Sunil -- I live in Sammamish and I'm working on an initiative to help local service businesses look great online and never miss a customer. I came across Champion Power Washing and your reviews are great. A lot of pressure washing companies rely on word of mouth, but a professional online presence with an AI chat assistant can turn Google searches into booked jobs 24/7 -- and it speaks Spanish, Chinese, and 20+ other languages so you never lose a lead. Here are some examples of what I do: https://welcomematdigital.com/demos/ -- $59/mo + a small one-time setup fee, no contracts, and I handle everything. Would you be open to a quick look? Thanks!","","Pressure Washing"
"Seattle ProWash","6516 NE 192nd Pl, Seattle, WA","(206) 752-6690","","seattleprowash.com","Hi, I'm Sunil -- I live in Sammamish and I'm working on an initiative to help local service businesses look great online and never miss a customer. I came across Seattle ProWash and your reviews are great. A lot of pressure washing companies rely on word of mouth, but a professional online presence with an AI chat assistant can turn Google searches into booked jobs 24/7 -- and it speaks Spanish, Chinese, and 20+ other languages so you never lose a lead. Here are some examples of what I do: https://welcomematdigital.com/demos/ -- $59/mo + a small one-time setup fee, no contracts, and I handle everything. Would you be open to a quick look? Thanks!","","Pressure Washing"
"Liberty Door & Gate Service","4957 Lakemont Blvd SE, Bellevue, WA","(425) 671-8388","4.8","","Hi, I'm Sunil -- I live in Sammamish and I'm working on an initiative to help local service businesses look great online and never miss a customer. I came across Liberty Door & Gate Service and noticed you're doing great work. Garage door repair is one of those businesses where people Google in a panic and pick whoever looks most professional. I'm putting together modern online presences with built-in AI chat that answers customer questions instantly -- even at 2am, in Spanish, Chinese, or 20+ other languages. Here are some examples: https://welcomematdigital.com/demos/ -- $59/mo + a small one-time setup fee, no contracts. Worth a quick look? Thanks!","","Garage Door"
"Skyline Garage Door Repair","Bellevue, WA","(425) 484-8788","","skylinegaragedoorllc.com","Hi, I'm Sunil -- I live in Sammamish and I'm working on an initiative to help local service businesses look great online and never miss a customer. I came across Skyline Garage Door Repair and noticed you're doing great work. Garage door repair is one of those businesses where people Google in a panic and pick whoever looks most professional. I'm putting together modern online presences with built-in AI chat that answers customer questions instantly -- even at 2am, in Spanish, Chinese, or 20+ other languages. Here are some examples: https://welcomematdigital.com/demos/ -- $59/mo + a small one-time setup fee, no contracts. Worth a quick look? Thanks!","","Garage Door"
"MYA Garage Door Repair Of Bellevue","12822 SE 32nd St Suite 229, Bellevue, WA","(425) 655-1823","","myagaragerepair.com","Hi, I'm Sunil -- I live in Sammamish and I'm working on an initiative to help local service businesses look great online and never miss a customer. I came across MYA Garage Door Repair Of Bellevue and noticed you're doing great work. Garage door repair is one of those businesses where people Google in a panic and pick whoever looks most professional. I'm putting together modern online presences with built-in AI chat that answers customer questions instantly -- even at 2am, in Spanish, Chinese, or 20+ other languages. Here are some examples: https://welcomematdigital.com/demos/ -- $59/mo + a small one-time setup fee, no contracts. Worth a quick look? Thanks!","","Garage Door"
"Next Door Garage Door Service","13353 NE Bel Red Rd #205, Bellevue, WA","(206) 410-9777","5.0","nextdoorgaragedoorservices.com","Hi, I'm Sunil -- I live in Sammamish and I'm working on an initiative to help local service businesses look great online and never miss a customer. I came across Next Door Garage Door Service and noticed you're doing great work. Garage door repair is one of those businesses where people Google in a panic and pick whoever looks most professional. I'm putting together modern online presences with built-in AI chat that answers customer questions instantly -- even at 2am, in Spanish, Chinese, or 20+ other languages. Here are some examples: https://welcomematdigital.com/demos/ -- $59/mo + a small one-time setup fee, no contracts. Worth a quick look? Thanks!","","Garage Door"
"Same Day Garage Door Service","14040 NE 8th St Suite 275, Bellevue, WA","(425) 333-7171","5.0","samedaygarage.com","Hi, I'm Sunil -- I live in Sammamish and I'm working on an initiative to help local service businesses look great online and never miss a customer. I came across Same Day Garage Door Service and noticed you're doing great work. Garage door repair is one of those businesses where people Google in a panic and pick whoever looks most professional. I'm putting together modern online presences with built-in AI chat that answers customer questions instantly -- even at 2am, in Spanish, Chinese, or 20+ other languages. Here are some examples: https://welcomematdigital.com/demos/ -- $59/mo + a small one-time setup fee, no contracts. Worth a quick look? Thanks!","","Garage Door"
"The Garage Door Works","2715 152nd Ave NE, Bellevue, WA","(425) 584-3984","4.9","thegaragedoorworks.com","Hi, I'm Sunil -- I live in Sammamish and I'm working on an initiative to help local service businesses look great online and never miss a customer. I came across The Garage Door Works and noticed you're doing great work. Garage door repair is one of those businesses where people Google in a panic and pick whoever looks most professional. I'm putting together modern online presences with built-in AI chat that answers customer questions instantly -- even at 2am, in Spanish, Chinese, or 20+ other languages. Here are some examples: https://welcomematdigital.com/demos/ -- $59/mo + a small one-time setup fee, no contracts. Worth a quick look? Thanks!","","Garage Door"
"Bellevue Deck and Fence","16005 SE 8th St, Bellevue, WA","(425) 532-8515","4.7","sites.google.com/bellevuedeckandfence.com","Hi, I'm Sunil -- I live in Sammamish and I'm working on an initiative to help local service businesses look great online and never miss a customer. I came across Bellevue Deck and Fence and your work looks solid. Deck and fence customers almost always start with a Google search, and a sharp online presence with project photos and instant AI chat -- in English, Spanish, Chinese, or 20+ languages -- can be the difference between getting the call or not. Here are some examples: https://welcomematdigital.com/demos/ -- $59/mo + a small one-time setup fee, no contracts, I handle everything. Interested in a quick look? Thanks!","","Fence & Deck"
"Gibson Fence and Deck","611 4th Ave Suite 209, Kirkland, WA","(425) 548-6800","5.0","gibsonfenceanddeck.com","Hi, I'm Sunil -- I live in Sammamish and I'm working on an initiative to help local service businesses look great online and never miss a customer. I came across Gibson Fence and Deck and your work looks solid. Deck and fence customers almost always start with a Google search, and a sharp online presence with project photos and instant AI chat -- in English, Spanish, Chinese, or 20+ languages -- can be the difference between getting the call or not. Here are some examples: https://welcomematdigital.com/demos/ -- $59/mo + a small one-time setup fee, no contracts, I handle everything. Interested in a quick look? Thanks!","","Fence & Deck"
"Optima Fence and Deck","9725 SE 36th St #301, Mercer Island, WA","(425) 600-9464","5.0","optimafenceanddeck.com","Hi, I'm Sunil -- I live in Sammamish and I'm working on an initiative to help local service businesses look great online and never miss a customer. I came across Optima Fence and Deck and your work looks solid. Deck and fence customers almost always start with a Google search, and a sharp online presence with project photos and instant AI chat -- in English, Spanish, Chinese, or 20+ languages -- can be the difference between getting the call or not. Here are some examples: https://welcomematdigital.com/demos/ -- $59/mo + a small one-time setup fee, no contracts, I handle everything. Interested in a quick look? Thanks!","","Fence & Deck"
"3 Brothers Decking","3220 118th Ave SE Suite 105A, Bellevue, WA","(425) 999-2048","","3brothersdecking.com","Hi, I'm Sunil -- I live in Sammamish and I'm working on an initiative to help local service businesses look great online and never miss a customer. I came across 3 Brothers Decking and your work looks solid. Deck and fence customers almost always start with a Google search, and a sharp online presence with project photos and instant AI chat -- in English, Spanish, Chinese, or 20+ languages -- can be the difference between getting the call or not. Here are some examples: https://welcomematdigital.com/demos/ -- $59/mo + a small one-time setup fee, no contracts, I handle everything. Interested in a quick look? Thanks!","","Fence & Deck"
"Legacy Decking","10900 NE 4th St Unit 2300, Bellevue, WA","(425) 905-0809","","legacydecking.co","Hi, I'm Sunil -- I live in Sammamish and I'm working on an initiative to help local service businesses look great online and never miss a customer. I came across Legacy Decking and your work looks solid. Deck and fence customers almost always start with a Google search, and a sharp online presence with project photos and instant AI chat -- in English, Spanish, Chinese, or 20+ languages -- can be the difference between getting the call or not. Here are some examples: https://welcomematdigital.com/demos/ -- $59/mo + a small one-time setup fee, no contracts, I handle everything. Interested in a quick look? Thanks!","","Fence & Deck"
"Affordable Deck and Fence","King County, WA","(206) 565-7650","5.0","affordabledeckandfences.com","Hi, I'm Sunil -- I live in Sammamish and I'm working on an initiative to help local service businesses look great online and never miss a customer. I came across Affordable Deck and Fence and your work looks solid. Deck and fence customers almost always start with a Google search, and a sharp online presence with project photos and instant AI chat -- in English, Spanish, Chinese, or 20+ languages -- can be the difference between getting the call or not. Here are some examples: https://welcomematdigital.com/demos/ -- $59/mo + a small one-time setup fee, no contracts, I handle everything. Interested in a quick look? Thanks!","","Fence & Deck"
"Evergreen Deck & Fence","King County, WA","(206) 888-2876","5.0","evergreendeckfence.com","Hi, I'm Sunil -- I live in Sammamish and I'm working on an initiative to help local service businesses look great online and never miss a customer. I came across Evergreen Deck & Fence and your work looks solid. Deck and fence customers almost always start with a Google search, and a sharp online presence with project photos and instant AI chat -- in English, Spanish, Chinese, or 20+ languages -- can be the difference between getting the call or not. Here are some examples: https://welcomematdigital.com/demos/ -- $59/mo + a small one-time setup fee, no contracts, I handle everything. Interested in a quick look? Thanks!","","Fence & Deck"
