Name,Address,Phone,Rating,Reviews,Google Maps,Message
"A1 Hauling - JunkerChunker","823 240th St SE, Bothell, WA 98021, USA","(206) 406-7095","4.2","19","https://maps.google.com/?cid=8937889506185906502&g_mp=Cidnb29nbGUubWFwcy5wbGFjZXMudjEuUGxhY2VzLlNlYXJjaFRleHQQAhgEIAA","Hi, I'm Sunil — I live in Sammamish and recently started helping local service businesses get set up online. I came across A1 Hauling - JunkerChunker on Google. I saw your great reviews — 4.2 stars with 19 reviews is no joke. I noticed you don't have a website yet — I think a lot more customers could find you if you did. Would you be open to chatting about how I can help with that? No pressure either way. Here's a bit about what I do: welcomematdigital.com"
"Affordable Painting Solutions","11656 98th Ave NE #121, Kirkland, WA 98034, USA","(425) 650-4294","5","1","https://maps.google.com/?cid=15659137040006920404&g_mp=Cidnb29nbGUubWFwcy5wbGFjZXMudjEuUGxhY2VzLlNlYXJjaFRleHQQAhgEIAA","Hi, I'm Sunil — I live in Sammamish and recently started helping local service businesses get set up online. I came across Affordable Painting Solutions on Google. I saw your great reviews — 5 stars with 1 review is no joke. I noticed you don't have a website yet — I think a lot more customers could find you if you did. Would you be open to chatting about how I can help with that? No pressure either way. Here's a bit about what I do: welcomematdigital.com"
"All Seasons Tree Service","24230 132nd Ave SE, Kent, WA 98042, USA","(253) 737-8980","4.6","11","https://maps.google.com/?cid=17649297945120602436&g_mp=Cidnb29nbGUubWFwcy5wbGFjZXMudjEuUGxhY2VzLlNlYXJjaFRleHQQAhgEIAA","Hi, I'm Sunil — I live in Sammamish and recently started helping local service businesses get set up online. I came across All Seasons Tree Service on Google. I saw your great reviews — 4.6 stars with 11 reviews is no joke. I noticed you don't have a website yet — I think a lot more customers could find you if you did. Would you be open to chatting about how I can help with that? No pressure either way. Here's a bit about what I do: welcomematdigital.com"
"All Star Gutter & Son","Kent, WA 98030, USA","(206) 200-5977","5","4","https://maps.google.com/?cid=4395832850398286358&g_mp=Cidnb29nbGUubWFwcy5wbGFjZXMudjEuUGxhY2VzLlNlYXJjaFRleHQQAhgEIAA","Hi, I'm Sunil — I live in Sammamish and recently started helping local service businesses get set up online. I came across All Star Gutter & Son on Google. I saw your great reviews — 5 stars with 4 reviews is no joke. I noticed you don't have a website yet — I think a lot more customers could find you if you did. Would you be open to chatting about how I can help with that? No pressure either way. Here's a bit about what I do: welcomematdigital.com"
"Aloha Junk Removal","21807 Quiet Water Loop E, Lake Tapps, WA 98391, USA","(425) 371-6556","5","33","https://maps.google.com/?cid=5316912053966269704&g_mp=Cidnb29nbGUubWFwcy5wbGFjZXMudjEuUGxhY2VzLlNlYXJjaFRleHQQAhgEIAA","Hi, I'm Sunil — I live in Sammamish and recently started helping local service businesses get set up online. I came across Aloha Junk Removal on Google. I saw your great reviews — 5 stars with 33 reviews is no joke. I noticed you don't have a website yet — I think a lot more customers could find you if you did. Would you be open to chatting about how I can help with that? No pressure either way. Here's a bit about what I do: welcomematdigital.com"
"Bigfoot tree care","401 3rd Ave S, Kent, WA 98032, USA","(253) 293-1046","4.9","27","https://maps.google.com/?cid=18425781612964869512&g_mp=Cidnb29nbGUubWFwcy5wbGFjZXMudjEuUGxhY2VzLlNlYXJjaFRleHQQAhgEIAA","Hi, I'm Sunil — I live in Sammamish and recently started helping local service businesses get set up online. I came across Bigfoot tree care on Google. I saw your great reviews — 4.9 stars with 27 reviews is no joke. I noticed you don't have a website yet — I think a lot more customers could find you if you did. Would you be open to chatting about how I can help with that? No pressure either way. Here's a bit about what I do: welcomematdigital.com"
"Blue Ribbon Fence","25028 128th Pl SE, Kent, WA 98030, USA","(206) 617-3769","4.6","9","https://maps.google.com/?cid=4621921258301525257&g_mp=Cidnb29nbGUubWFwcy5wbGFjZXMudjEuUGxhY2VzLlNlYXJjaFRleHQQAhgEIAA","Hi, I'm Sunil — I live in Sammamish and recently started helping local service businesses get set up online. I came across Blue Ribbon Fence on Google. I saw your great reviews — 4.6 stars with 9 reviews is no joke. I noticed you don't have a website yet — I think a lot more customers could find you if you did. Would you be open to chatting about how I can help with that? No pressure either way. Here's a bit about what I do: welcomematdigital.com"
"Blue Sky Landscaping Renton","4909 NE 5th St, Renton, WA 98059, USA","(425) 306-1212","4","7","https://maps.google.com/?cid=1609151256236517181&g_mp=Cidnb29nbGUubWFwcy5wbGFjZXMudjEuUGxhY2VzLlNlYXJjaFRleHQQAhgEIAA","Hi, I'm Sunil — I live in Sammamish and recently started helping local service businesses get set up online. I came across Blue Sky Landscaping Renton on Google. I saw your great reviews — 4 stars with 7 reviews is no joke. I noticed you don't have a website yet — I think a lot more customers could find you if you did. Would you be open to chatting about how I can help with that? No pressure either way. Here's a bit about what I do: welcomematdigital.com"
"Bright house cleaning service LLC","14822 113th Ave NE, Kirkland, WA 98034, USA","(425) 948-9613","5","3","https://maps.google.com/?cid=11556249018057786385&g_mp=Cidnb29nbGUubWFwcy5wbGFjZXMudjEuUGxhY2VzLlNlYXJjaFRleHQQAhgEIAA","Hi, I'm Sunil — I live in Sammamish and recently started helping local service businesses get set up online. I came across Bright house cleaning service LLC on Google. I saw your great reviews — 5 stars with 3 reviews is no joke. I noticed you don't have a website yet — I think a lot more customers could find you if you did. Would you be open to chatting about how I can help with that? No pressure either way. Here's a bit about what I do: welcomematdigital.com"
"BrittaneyΓÇÖs Cleaning Service","401 37th St SE, Auburn, WA 98002, USA","(253) 285-9561","5","2","https://maps.google.com/?cid=412105890293466624&g_mp=Cidnb29nbGUubWFwcy5wbGFjZXMudjEuUGxhY2VzLlNlYXJjaFRleHQQAhgEIAA","Hi, I'm Sunil — I live in Sammamish and recently started helping local service businesses get set up online. I came across BrittaneyΓÇÖs Cleaning Service on Google. I saw your great reviews — 5 stars with 2 reviews is no joke. I noticed you don't have a website yet — I think a lot more customers could find you if you did. Would you be open to chatting about how I can help with that? No pressure either way. Here's a bit about what I do: welcomematdigital.com"
"D. K. Carpet, Floor Cleaning and Repairs LLC","25407 132nd Ave SE, Kent, WA 98042, USA","(253) 630-1004","4.6","36","https://maps.google.com/?cid=1809018569938863348&g_mp=Cidnb29nbGUubWFwcy5wbGFjZXMudjEuUGxhY2VzLlNlYXJjaFRleHQQAhgEIAA","Hi, I'm Sunil — I live in Sammamish and recently started helping local service businesses get set up online. I came across D. K. Carpet, Floor Cleaning and Repairs LLC on Google. I saw your great reviews — 4.6 stars with 36 reviews is no joke. I noticed you don't have a website yet — I think a lot more customers could find you if you did. Would you be open to chatting about how I can help with that? No pressure either way. Here's a bit about what I do: welcomematdigital.com"
"Drenica stump removal and yard services","745 2nd Ave NW #213, Issaquah, WA 98027, USA","(425) 371-6114","5","1","https://maps.google.com/?cid=14519607311520599601&g_mp=Cidnb29nbGUubWFwcy5wbGFjZXMudjEuUGxhY2VzLlNlYXJjaFRleHQQAhgEIAA","Hi, I'm Sunil — I live in Sammamish and recently started helping local service businesses get set up online. I came across Drenica stump removal and yard services on Google. I saw your great reviews — 5 stars with 1 review is no joke. I noticed you don't have a website yet — I think a lot more customers could find you if you did. Would you be open to chatting about how I can help with that? No pressure either way. Here's a bit about what I do: welcomematdigital.com"
"Driveway Rescue (pressure washing)","85 NW Alder Pl, Issaquah, WA 98027, USA","(206) 327-0951","5","1","https://maps.google.com/?cid=15028056936399176272&g_mp=Cidnb29nbGUubWFwcy5wbGFjZXMudjEuUGxhY2VzLlNlYXJjaFRleHQQAhgEIAA","Hi, I'm Sunil — I live in Sammamish and recently started helping local service businesses get set up online. I came across Driveway Rescue (pressure washing) on Google. I saw your great reviews — 5 stars with 1 review is no joke. I noticed you don't have a website yet — I think a lot more customers could find you if you did. Would you be open to chatting about how I can help with that? No pressure either way. Here's a bit about what I do: welcomematdigital.com"
"Family Pressure Washing","17831 114th Pl SE, Renton, WA 98055, USA","(206) 202-9993","","0","https://maps.google.com/?cid=173434945520577323&g_mp=Cidnb29nbGUubWFwcy5wbGFjZXMudjEuUGxhY2VzLlNlYXJjaFRleHQQAhgEIAA","Hi, I'm Sunil — I live in Sammamish and recently started helping local service businesses get set up online. I came across Family Pressure Washing on Google. I noticed you don't have a website yet — I think a lot more customers could find you if you did. Would you be open to chatting about how I can help with that? No pressure either way. Here's a bit about what I do: welcomematdigital.com"
"FastTrack Junk Removal","223 19th Ave, Kirkland, WA 98033, USA","(425) 209-8970","5","9","https://maps.google.com/?cid=12625250173010513168&g_mp=Cidnb29nbGUubWFwcy5wbGFjZXMudjEuUGxhY2VzLlNlYXJjaFRleHQQAhgEIAA","Hi, I'm Sunil — I live in Sammamish and recently started helping local service businesses get set up online. I came across FastTrack Junk Removal on Google. I saw your great reviews — 5 stars with 9 reviews is no joke. I noticed you don't have a website yet — I think a lot more customers could find you if you did. Would you be open to chatting about how I can help with that? No pressure either way. Here's a bit about what I do: welcomematdigital.com"
"Forest Corps","515 116th Ave NE Ste 221, Bellevue, WA 98004, USA","(425) 525-8433","5","24","https://maps.google.com/?cid=2746251769292255596&g_mp=Cidnb29nbGUubWFwcy5wbGFjZXMudjEuUGxhY2VzLlNlYXJjaFRleHQQAhgEIAA","Hi, I'm Sunil — I live in Sammamish and recently started helping local service businesses get set up online. I came across Forest Corps on Google. I saw your great reviews — 5 stars with 24 reviews is no joke. I noticed you don't have a website yet — I think a lot more customers could find you if you did. Would you be open to chatting about how I can help with that? No pressure either way. Here's a bit about what I do: welcomematdigital.com"
"Green Knight Landscaping & Nursery","9625 Observation Dr, Kirkland, WA 98033, USA","(206) 550-3285","4.8","21","https://maps.google.com/?cid=12136530668119981258&g_mp=Cidnb29nbGUubWFwcy5wbGFjZXMudjEuUGxhY2VzLlNlYXJjaFRleHQQAhgEIAA","Hi, I'm Sunil — I live in Sammamish and recently started helping local service businesses get set up online. I came across Green Knight Landscaping & Nursery on Google. I saw your great reviews — 4.8 stars with 21 reviews is no joke. I noticed you don't have a website yet — I think a lot more customers could find you if you did. Would you be open to chatting about how I can help with that? No pressure either way. Here's a bit about what I do: welcomematdigital.com"
"Hunter Carpet Cleaning","29206 45th Pl S, Auburn, WA 98001, USA","(206) 636-7287","4.4","7","https://maps.google.com/?cid=16847456239814743673&g_mp=Cidnb29nbGUubWFwcy5wbGFjZXMudjEuUGxhY2VzLlNlYXJjaFRleHQQAhgEIAA","Hi, I'm Sunil — I live in Sammamish and recently started helping local service businesses get set up online. I came across Hunter Carpet Cleaning on Google. I saw your great reviews — 4.4 stars with 7 reviews is no joke. I noticed you don't have a website yet — I think a lot more customers could find you if you did. Would you be open to chatting about how I can help with that? No pressure either way. Here's a bit about what I do: welcomematdigital.com"
"Indigo Issaquah - Interior Painting","120 1st Ave NW, Issaquah, WA 98027, USA","(425) 375-0061","5","3","https://maps.google.com/?cid=11400082700379017639&g_mp=Cidnb29nbGUubWFwcy5wbGFjZXMudjEuUGxhY2VzLlNlYXJjaFRleHQQAhgEIAA","Hi, I'm Sunil — I live in Sammamish and recently started helping local service businesses get set up online. I came across Indigo Issaquah - Interior Painting on Google. I saw your great reviews — 5 stars with 3 reviews is no joke. I noticed you don't have a website yet — I think a lot more customers could find you if you did. Would you be open to chatting about how I can help with that? No pressure either way. Here's a bit about what I do: welcomematdigital.com"
"K C Landscaping","31226 168th Way SE, Auburn, WA 98092, USA","(253) 631-3071","5","19","https://maps.google.com/?cid=8788518725221380200&g_mp=Cidnb29nbGUubWFwcy5wbGFjZXMudjEuUGxhY2VzLlNlYXJjaFRleHQQAhgEIAA","Hi, I'm Sunil — I live in Sammamish and recently started helping local service businesses get set up online. I came across K C Landscaping on Google. I saw your great reviews — 5 stars with 19 reviews is no joke. I noticed you don't have a website yet — I think a lot more customers could find you if you did. Would you be open to chatting about how I can help with that? No pressure either way. Here's a bit about what I do: welcomematdigital.com"
"Legacy Services Carpet cleaning LLC","4040 Auburn Way N, Auburn, WA 98002, USA","(206) 660-1987","4.9","45","https://maps.google.com/?cid=14624192828886277251&g_mp=Cidnb29nbGUubWFwcy5wbGFjZXMudjEuUGxhY2VzLlNlYXJjaFRleHQQAhgEIAA","Hi, I'm Sunil — I live in Sammamish and recently started helping local service businesses get set up online. I came across Legacy Services Carpet cleaning LLC on Google. I saw your great reviews — 4.9 stars with 45 reviews is no joke. I noticed you don't have a website yet — I think a lot more customers could find you if you did. Would you be open to chatting about how I can help with that? No pressure either way. Here's a bit about what I do: welcomematdigital.com"
"Magnolia Landscaping","1201 E St SE, Auburn, WA 98002, USA","(253) 332-8742","5","6","https://maps.google.com/?cid=2993117160174917144&g_mp=Cidnb29nbGUubWFwcy5wbGFjZXMudjEuUGxhY2VzLlNlYXJjaFRleHQQAhgEIAA","Hi, I'm Sunil — I live in Sammamish and recently started helping local service businesses get set up online. I came across Magnolia Landscaping on Google. I saw your great reviews — 5 stars with 6 reviews is no joke. I noticed you don't have a website yet — I think a lot more customers could find you if you did. Would you be open to chatting about how I can help with that? No pressure either way. Here's a bit about what I do: welcomematdigital.com"
"Mock Family Handyman","124th NE 85th St, Kirkland, WA 98033, USA","","5","2","https://maps.google.com/?cid=14565332788944537544&g_mp=Cidnb29nbGUubWFwcy5wbGFjZXMudjEuUGxhY2VzLlNlYXJjaFRleHQQAhgEIAA","Hi, I'm Sunil — I live in Sammamish and recently started helping local service businesses get set up online. I came across Mock Family Handyman on Google. I saw your great reviews — 5 stars with 2 reviews is no joke. I noticed you don't have a website yet — I think a lot more customers could find you if you did. Would you be open to chatting about how I can help with that? No pressure either way. Here's a bit about what I do: welcomematdigital.com"
"Nelson Landscaping LLC","1700 153rd Ave NE, Bellevue, WA 98007, USA","(425) 399-3764","5","4","https://maps.google.com/?cid=13907817017525528925&g_mp=Cidnb29nbGUubWFwcy5wbGFjZXMudjEuUGxhY2VzLlNlYXJjaFRleHQQAhgEIAA","Hi, I'm Sunil — I live in Sammamish and recently started helping local service businesses get set up online. I came across Nelson Landscaping LLC on Google. I saw your great reviews — 5 stars with 4 reviews is no joke. I noticed you don't have a website yet — I think a lot more customers could find you if you did. Would you be open to chatting about how I can help with that? No pressure either way. Here's a bit about what I do: welcomematdigital.com"
"PNW Painting Renton","3904 NE 4th St #121, Renton, WA 98056, USA","(425) 663-3831","5","5","https://maps.google.com/?cid=10114540267613109821&g_mp=Cidnb29nbGUubWFwcy5wbGFjZXMudjEuUGxhY2VzLlNlYXJjaFRleHQQAhgEIAA","Hi, I'm Sunil — I live in Sammamish and recently started helping local service businesses get set up online. I came across PNW Painting Renton on Google. I saw your great reviews — 5 stars with 5 reviews is no joke. I noticed you don't have a website yet — I think a lot more customers could find you if you did. Would you be open to chatting about how I can help with that? No pressure either way. Here's a bit about what I do: welcomematdigital.com"
"Pro Mg Landscaping Llc","827 W Valley Hwy, Kent, WA 98031, USA","","","0","https://maps.google.com/?cid=2200104225323755309&g_mp=Cidnb29nbGUubWFwcy5wbGFjZXMudjEuUGxhY2VzLlNlYXJjaFRleHQQAhgEIAA","Hi, I'm Sunil — I live in Sammamish and recently started helping local service businesses get set up online. I came across Pro Mg Landscaping Llc on Google. I noticed you don't have a website yet — I think a lot more customers could find you if you did. Would you be open to chatting about how I can help with that? No pressure either way. Here's a bit about what I do: welcomematdigital.com"
"Professional Painting","12220 113th Ave NE Unit 167, Kirkland, WA 98034, USA","(425) 448-6022","5","5","https://maps.google.com/?cid=14702094174395786264&g_mp=Cidnb29nbGUubWFwcy5wbGFjZXMudjEuUGxhY2VzLlNlYXJjaFRleHQQAhgEIAA","Hi, I'm Sunil — I live in Sammamish and recently started helping local service businesses get set up online. I came across Professional Painting on Google. I saw your great reviews — 5 stars with 5 reviews is no joke. I noticed you don't have a website yet — I think a lot more customers could find you if you did. Would you be open to chatting about how I can help with that? No pressure either way. Here's a bit about what I do: welcomematdigital.com"
"RISKE TREE CARE","30927 115th Ln SE, Auburn, WA 98092, USA","(253) 398-6726","5","5","https://maps.google.com/?cid=1590613514480408474&g_mp=Cidnb29nbGUubWFwcy5wbGFjZXMudjEuUGxhY2VzLlNlYXJjaFRleHQQAhgEIAA","Hi, I'm Sunil — I live in Sammamish and recently started helping local service businesses get set up online. I came across RISKE TREE CARE on Google. I saw your great reviews — 5 stars with 5 reviews is no joke. I noticed you don't have a website yet — I think a lot more customers could find you if you did. Would you be open to chatting about how I can help with that? No pressure either way. Here's a bit about what I do: welcomematdigital.com"
"safari quality painting","Auburn, WA 98092, USA","(206) 697-3035","4.7","14","https://maps.google.com/?cid=6027114012822702325&g_mp=Cidnb29nbGUubWFwcy5wbGFjZXMudjEuUGxhY2VzLlNlYXJjaFRleHQQAhgEIAA","Hi, I'm Sunil — I live in Sammamish and recently started helping local service businesses get set up online. I came across safari quality painting on Google. I saw your great reviews — 4.7 stars with 14 reviews is no joke. I noticed you don't have a website yet — I think a lot more customers could find you if you did. Would you be open to chatting about how I can help with that? No pressure either way. Here's a bit about what I do: welcomematdigital.com"
"Swannessa Steam Carpet Cleaning","1209 Central Ave S, Kent, WA 98032, USA","(253) 331-6597","3.7","3","https://maps.google.com/?cid=379816119155092679&g_mp=Cidnb29nbGUubWFwcy5wbGFjZXMudjEuUGxhY2VzLlNlYXJjaFRleHQQAhgEIAA","Hi, I'm Sunil — I live in Sammamish and recently started helping local service businesses get set up online. I came across Swannessa Steam Carpet Cleaning on Google. I saw your great reviews — 3.7 stars with 3 reviews is no joke. I noticed you don't have a website yet — I think a lot more customers could find you if you did. Would you be open to chatting about how I can help with that? No pressure either way. Here's a bit about what I do: welcomematdigital.com"
"Tan's Landscape GS","5124 NE 8th Ct, Renton, WA 98059, USA","(206) 683-0733","5","2","https://maps.google.com/?cid=6656394564696607227&g_mp=Cidnb29nbGUubWFwcy5wbGFjZXMudjEuUGxhY2VzLlNlYXJjaFRleHQQAhgEIAA","Hi, I'm Sunil — I live in Sammamish and recently started helping local service businesses get set up online. I came across Tan's Landscape GS on Google. I saw your great reviews — 5 stars with 2 reviews is no joke. I noticed you don't have a website yet — I think a lot more customers could find you if you did. Would you be open to chatting about how I can help with that? No pressure either way. Here's a bit about what I do: welcomematdigital.com"
"Top Cut Tree Service","25827 33rd Ave S, Kent, WA 98032, USA","(253) 941-0828","4.5","11","https://maps.google.com/?cid=18095777012775965307&g_mp=Cidnb29nbGUubWFwcy5wbGFjZXMudjEuUGxhY2VzLlNlYXJjaFRleHQQAhgEIAA","Hi, I'm Sunil — I live in Sammamish and recently started helping local service businesses get set up online. I came across Top Cut Tree Service on Google. I saw your great reviews — 4.5 stars with 11 reviews is no joke. I noticed you don't have a website yet — I think a lot more customers could find you if you did. Would you be open to chatting about how I can help with that? No pressure either way. Here's a bit about what I do: welcomematdigital.com"
"TREE REMOVAL SERVICE JOHN","1935 Ginkgo St SE, Auburn, WA 98092, USA","(206) 601-1688","5","13","https://maps.google.com/?cid=8021279232181843974&g_mp=Cidnb29nbGUubWFwcy5wbGFjZXMudjEuUGxhY2VzLlNlYXJjaFRleHQQAhgEIAA","Hi, I'm Sunil — I live in Sammamish and recently started helping local service businesses get set up online. I came across TREE REMOVAL SERVICE JOHN on Google. I saw your great reviews — 5 stars with 13 reviews is no joke. I noticed you don't have a website yet — I think a lot more customers could find you if you did. Would you be open to chatting about how I can help with that? No pressure either way. Here's a bit about what I do: welcomematdigital.com"
"Tree Service By Northwest","278 106th Ave NE Suite 202, Bellevue, WA 98004, USA","(425) 699-7581","4.9","75","https://maps.google.com/?cid=18370705483036311667&g_mp=Cidnb29nbGUubWFwcy5wbGFjZXMudjEuUGxhY2VzLlNlYXJjaFRleHQQAhgEIAA","Hi, I'm Sunil — I live in Sammamish and recently started helping local service businesses get set up online. I came across Tree Service By Northwest on Google. I saw your great reviews — 4.9 stars with 75 reviews is no joke. I noticed you don't have a website yet — I think a lot more customers could find you if you did. Would you be open to chatting about how I can help with that? No pressure either way. Here's a bit about what I do: welcomematdigital.com"
"TreeWorks","31447 52nd Ave S, Auburn, WA 98001, USA","(206) 673-2720","4.2","11","https://maps.google.com/?cid=14642694123711963860&g_mp=Cidnb29nbGUubWFwcy5wbGFjZXMudjEuUGxhY2VzLlNlYXJjaFRleHQQAhgEIAA","Hi, I'm Sunil — I live in Sammamish and recently started helping local service businesses get set up online. I came across TreeWorks on Google. I saw your great reviews — 4.2 stars with 11 reviews is no joke. I noticed you don't have a website yet — I think a lot more customers could find you if you did. Would you be open to chatting about how I can help with that? No pressure either way. Here's a bit about what I do: welcomematdigital.com"
"U & L General Painting Contractors","1826 C St SE B, Auburn, WA 98002, USA","(253) 951-3580","5","7","https://maps.google.com/?cid=17201954042221935926&g_mp=Cidnb29nbGUubWFwcy5wbGFjZXMudjEuUGxhY2VzLlNlYXJjaFRleHQQAhgEIAA","Hi, I'm Sunil — I live in Sammamish and recently started helping local service businesses get set up online. I came across U & L General Painting Contractors on Google. I saw your great reviews — 5 stars with 7 reviews is no joke. I noticed you don't have a website yet — I think a lot more customers could find you if you did. Would you be open to chatting about how I can help with that? No pressure either way. Here's a bit about what I do: welcomematdigital.com"
"Vazquez Painting LLC","1819 Central Ave S STE C110, Kent, WA 98032, USA","(253) 247-9627","5","14","https://maps.google.com/?cid=13911132889397771959&g_mp=Cidnb29nbGUubWFwcy5wbGFjZXMudjEuUGxhY2VzLlNlYXJjaFRleHQQAhgEIAA","Hi, I'm Sunil — I live in Sammamish and recently started helping local service businesses get set up online. I came across Vazquez Painting LLC on Google. I saw your great reviews — 5 stars with 14 reviews is no joke. I noticed you don't have a website yet — I think a lot more customers could find you if you did. Would you be open to chatting about how I can help with that? No pressure either way. Here's a bit about what I do: welcomematdigital.com"
"Waite's Home Repair","9 G St SE, Auburn, WA 98002, USA","(253) 569-8509","5","3","https://maps.google.com/?cid=9794974899921888428&g_mp=Cidnb29nbGUubWFwcy5wbGFjZXMudjEuUGxhY2VzLlNlYXJjaFRleHQQAhgEIAA","Hi, I'm Sunil — I live in Sammamish and recently started helping local service businesses get set up online. I came across Waite's Home Repair on Google. I saw your great reviews — 5 stars with 3 reviews is no joke. I noticed you don't have a website yet — I think a lot more customers could find you if you did. Would you be open to chatting about how I can help with that? No pressure either way. Here's a bit about what I do: welcomematdigital.com"